AnnTemp,Cu,log_Icorr,sigma
900,0.0,-4.531413082463448,0.0021508983547373576
900,0.025,-4.596339837818178,0.010801845698571629
900,0.05,-4.662033067371116,0.020057892960942455
900,0.07500000000000001,-4.728052235112926,0.028040162279946067
900,0.1,-4.793929751863121,0.03461775690867505
900,0.125,-4.8591172448717606,0.03973560887178422
900,0.15000000000000002,-4.922991027035684,0.04338269439752123
900,0.17500000000000002,-4.984887162336509,0.045586895330804414
900,0.2,-5.044139443550117,0.04641229545597131
900,0.225,-5.100110914331174,0.04595639708731095
900,0.25,-5.152218573979784,0.04434668780348705
900,0.275,-5.19995337511886,0.04173619165968159
900,0.30000000000000004,-5.242897400792896,0.038297613497113324
900,0.325,-5.280739112515429,0.034215653255741454
900,0.35000000000000003,-5.313286477028445,0.029677138596360064
900,0.375,-5.340476776201401,0.02485899395933598
900,0.4,-5.362381003901069,0.019915145479717834
900,0.42500000000000004,-5.379200013380381,0.014966233804731088
900,0.45,-5.391249409125462,0.01010446258915557
900,0.47500000000000003,-5.398932989046878,0.005477698633723925
900,0.5,-5.402718780373103,0.00242528338129818
900,0.525,-5.403157788795217,0.005242306252650498
900,0.55,-5.400904719582005,0.009556750541338898
900,0.5750000000000001,-5.396615900809631,0.013861224576573123
900,0.6000000000000001,-5.390862939650326,0.01793097089983918
900,0.625,-5.384110823698018,0.02160774491839144
900,0.65,-5.376727538764261,0.024731894518212387
900,0.675,-5.36900366746309,0.02715044797145047
900,0.7000000000000001,-5.36117140022628,0.02873359718714094
900,0.7250000000000001,-5.353419370305325,0.029389411013016977
900,0.75,-5.345903073950756,0.029074915064485195
900,0.775,-5.338751779410812,0.027803546783352402
900,0.8,-5.332072898605613,0.02564933519305823
900,0.8250000000000001,-5.325954423840779,0.022748026086984303
900,0.8500000000000001,-5.320465548046861,0.01929502344606289
900,0.875,-5.31565526185658,0.015539344229902656
900,0.9,-5.31154902450136,0.01177126656616681
900,0.925,-5.308145451668498,0.008297799036872288
900,0.9500000000000001,-5.305419416679038,0.005395431082990666
900,0.9750000000000001,-5.303343197033552,0.003264145522218859
900,1.0,-5.301930459325605,0.0023363079036466403
900,1.0250000000000001,-5.3012700950751,0.0036074562473893076
900,1.05,-5.301494899104108,0.006683078102194721
900,1.075,-5.302707039639295,0.01117721141394793
900,1.1,-5.304930107859009,0.017046455888988545
900,1.125,-5.3081086811011895,0.024256538059857453
900,1.1500000000000001,-5.31213192411293,0.03274710063689441
900,1.175,-5.316859266956249,0.042439698112215395
900,1.2000000000000002,-5.322139897067573,0.053244994491614024
900,1.225,-5.327825311003665,0.0650670170771811
900,1.25,-5.333776499328854,0.07780586235976139
900,1.2750000000000001,-5.3398675464994065,0.09135970582211332
900,1.3,-5.345987029708836,0.1056264539210348
900,1.3250000000000002,-5.352038147332613,0.1205051461652133
900,1.35,-5.3579381549641365,0.13589713714394985
900,1.375,-5.363617450195359,0.151707070356066
900,1.4000000000000001,-5.369018500679658,0.16784365627756262
900,1.425,-5.374094723814131,0.1842202710487708
900,1.4500000000000002,-5.37880937733677,0.20075539498445674
900,1.475,-5.383134492753507,0.21737291114301321
900,1.5,-5.387049868295971,0.23400228382593674
1000,0.0,-4.713801105356339,0.0022729156073228057
1000,0.025,-4.778305257990351,0.010868022344654596
1000,0.05,-4.843083757497889,0.02011915917446814
1000,0.07500000000000001,-4.907465169285056,0.028071484931165274
1000,0.1,-4.970834673003245,0.03457899565090651
1000,0.125,-5.032674225713827,0.039576501402509276
1000,0.15000000000000002,-5.092538529381858,0.04304445928624649
1000,0.17500000000000002,-5.150019853583616,0.04500375866658033
1000,0.2,-5.204724161928764,0.04551372799234946
1000,0.225,-5.256262152174044,0.0446705431946688
1000,0.25,-5.304252171082134,0.04260551504533264
1000,0.275,-5.34833088021201,0.039483061977057476
1000,0.30000000000000004,-5.388168311579029,0.03549818367966682
1000,0.325,-5.423485102718971,0.03087315567333072
1000,0.35000000000000003,-5.454070755237695,0.02585295875998873
1000,0.375,-5.479802568347623,0.020698559035757493
1000,0.4,-5.500665322721406,0.015676478773174598
1000,0.42500000000000004,-5.516771455713343,0.011042527845997649
1000,0.45,-5.528379297291171,0.00702141326357086
1000,0.47500000000000003,-5.535899917370599,0.003829471224836086
1000,0.5,-5.53986467011214,0.0021887434159312135
1000,0.525,-5.5408048095562155,0.003429640577845405
1000,0.55,-5.539143018267838,0.005973554923888046
1000,0.5750000000000001,-5.535278174462203,0.0090648071828817
1000,0.6000000000000001,-5.529635794246581,0.012505552036214548
1000,0.625,-5.522645966209773,0.01605870344191143
1000,0.65,-5.51471942353463,0.01945022583898513
1000,0.675,-5.506235100540279,0.022412969102955163
1000,0.7000000000000001,-5.4975333923823255,0.024716177724022903
1000,0.7250000000000001,-5.488911260516805,0.026182669779506576
1000,0.75,-5.480618188887422,0.02669865960386054
1000,0.775,-5.472853033935418,0.026219121594945844
1000,0.8,-5.465762119023842,0.02477008065508058
1000,0.8250000000000001,-5.459439176937859,0.02244838609587097
1000,0.8500000000000001,-5.453928101126789,0.01941902323248838
1000,0.875,-5.449229832211516,0.01590957030666314
1000,0.9,-5.445314758527951,0.012200793495031522
1000,0.925,-5.442141010200778,0.00861148862659799
1000,0.9500000000000001,-5.439675508561785,0.005476707204900602
1000,0.9750000000000001,-5.43790681419347,0.0031483910096151016
1000,1.0,-5.436831498819917,0.0022240630711916794
1000,1.0250000000000001,-5.436411387241038,0.0032888035605325282
1000,1.05,-5.43653684755468,0.005860310984841427
1000,1.075,-5.437049398252653,0.009839257219893507
1000,1.1,-5.437796178596153,0.015286855828904993
1000,1.125,-5.438665541949911,0.02218539663813158
1000,1.1500000000000001,-5.439590584256816,0.030464903791086097
1000,1.175,-5.4405368914266665,0.04003099673753828
1000,1.2000000000000002,-5.441488130212905,0.050777812889403834
1000,1.225,-5.442434945452099,0.06259413610215314
1000,1.25,-5.443368146368218,0.07536681711277785
1000,1.2750000000000001,-5.444275430445284,0.08898299902856176
1000,1.3,-5.445140496393382,0.10333170776894281
1000,1.3250000000000002,-5.445943533529973,0.1183050394844473
1000,1.35,-5.446662356309967,0.1337990596320349
1000,1.375,-5.447273719654999,0.1497144810763871
1000,1.4000000000000001,-5.447754553671811,0.16595716593920692
1000,1.425,-5.44808299291922,0.182438483218362
1000,1.4500000000000002,-5.448239159156859,0.1990755463272271
1000,1.475,-5.448205703225425,0.21579134959162294
1000,1.5,-5.447968134606128,0.23251481932278795
