Cu,AnnTemp,log_Icorr,sigma
0.0,850.0,-4.551179089735291,0.02406769310076815
0.0,853.3333333333334,-4.54910967230392,0.020865034599695277
0.0,856.6666666666666,-4.547178334147854,0.017937213815102316
0.0,860.0,-4.545377548397409,0.015287083809907879
0.0,863.3333333333334,-4.543698472110113,0.012915060032577941
0.0,866.6666666666666,-4.542131062537619,0.010818442045284775
0.0,870.0,-4.540664366733971,0.008990650949586558
0.0,873.3333333333334,-4.539287086596363,0.007420522513054536
0.0,876.6666666666666,-4.537988558548841,0.006091974224518426
0.0,880.0,-4.536760316825137,0.004984599834755264
0.0,883.3333333333334,-4.535598407887248,0.004075906264843824
0.0,886.6666666666666,-4.5345065561907525,0.0033457155634479775
0.0,890.0,-4.533500115701337,0.002782313385420487
0.0,893.3333333333334,-4.532610481994188,0.0023876286823789113
0.0,896.6666666666666,-4.531889423361849,0.0021747158573138313
0.0,900.0,-4.531413082463448,0.0021508983547373576
0.0,903.3333333333334,-4.531286079598303,0.002297728008361055
0.0,906.6666666666666,-4.531643606939445,0.0025738887568921348
0.0,910.0,-4.532646114285292,0.00293773356220637
0.0,913.3333333333334,-4.534466376382081,0.0033602314689150626
0.0,916.6666666666666,-4.537272190762115,0.0038230804384511248
0.0,920.0,-4.541208165008294,0.00431232851122062
0.0,923.3333333333334,-4.546379671547096,0.004813437267359108
0.0,926.6666666666666,-4.552841099228592,0.005308998244929934
0.0,930.0,-4.560589340850675,0.005778591450480798
0.0,933.3333333333334,-4.569562367461448,0.006199950138724477
0.0,936.6666666666666,-4.5796420382081475,0.006550718307084378
0.0,940.0,-4.590660059971034,0.006810312118841565
0.0,943.3333333333334,-4.602406109651657,0.006961607233312823
0.0,946.6666666666666,-4.614637365123554,0.006992329017805791
0.0,950.0,-4.627088921635345,0.006896116762022567
0.0,953.3333333333334,-4.639484744478802,0.006673281152314303
0.0,956.6666666666666,-4.651548919706335,0.006331295791165016
0.0,960.0,-4.663017021496663,0.005885073326718261
0.0,963.3333333333334,-4.673647423050841,0.005357080473337962
0.0,966.6666666666666,-4.683232331300308,0.004777330340233986
0.0,970.0,-4.691608201106088,0.004183186640247453
0.0,973.3333333333334,-4.6986649463477885,0.0036185049984533615
0.0,976.6666666666666,-4.704353005434824,0.0031304655964418593
0.0,980.0,-4.708686961974523,0.0027605453204456896
0.0,983.3333333333334,-4.711744409231952,0.00252744554616135
0.0,986.6666666666667,-4.713659416003192,0.002412368925740131
0.0,990.0,-4.714611021966119,0.0023673599650556637
0.0,993.3333333333334,-4.7148076622999655,0.002343666968078521
0.0,996.6666666666667,-4.714468253050637,0.0023133399354544207
0.0,1000.0,-4.713801105356339,0.0022729156073228057
0.0,1003.3333333333334,-4.7129829927809235,0.0022356733101507064
0.0,1006.6666666666667,-4.712145040180661,0.0022226512144547495
0.0,1010.0,-4.711373827114441,0.0022602803588388527
0.0,1013.3333333333334,-4.710720788308347,0.0023829149564322596
0.0,1016.6666666666667,-4.710213001183035,0.002636687628899447
0.0,1020.0,-4.7098627171581775,0.0030771778236836534
0.0,1023.3333333333334,-4.70967455406568,0.0037567132690913886
0.0,1026.6666666666667,-4.709649957272134,0.004712058998764152
0.0,1030.0,-4.709789373170982,0.0059629572838496335
0.0,1033.3333333333333,-4.710093033833134,0.007517683053502528
0.0,1036.6666666666667,-4.7105610995383405,0.00937834445000107
0.0,1040.0,-4.711193576920026,0.01154379208533101
0.0,1043.3333333333333,-4.711990195083556,0.014010892224874366
0.0,1046.6666666666667,-4.712950303392652,0.016775064598235204
0.0,1050.0,-4.714072805405608,0.019830548928350577
0.5,850.0,-5.428137824365589,0.027646760194980084
0.5,853.3333333333334,-5.426373649272909,0.02426508053085921
0.5,856.6666666666666,-5.424527361222808,0.021121271331146437
0.5,860.0,-5.422614408352525,0.018220069611346288
0.5,863.3333333333334,-5.420652122270725,0.015565392570979856
0.5,866.6666666666666,-5.418659723970405,0.01316026799494512
0.5,870.0,-5.41665830823467,0.011006795422935233
0.5,873.3333333333334,-5.414670814497372,0.009106144243138999
0.5,876.6666666666666,-5.412722001923886,0.007458564677062443
0.5,880.0,-5.410838461227952,0.006063294499756379
0.5,883.3333333333334,-5.409048718699355,0.004918022596315733
0.5,886.6666666666666,-5.407383528304922,0.004017201501835065
0.5,890.0,-5.405876522847323,0.003348368397043274
0.5,893.3333333333334,-5.404565512303763,0.0028870645909696313
0.5,896.6666666666666,-5.403494806167677,0.0025947313879008966
0.5,900.0,-5.402718780373103,0.00242528338129818
0.5,903.3333333333334,-5.402306229673823,0.0023390153748788314
0.5,906.6666666666666,-5.4023425211825264,0.00231748356630011
0.5,910.0,-5.402925110305088,0.002373119517211304
0.5,913.3333333333334,-5.404154215836087,0.002540746954229186
0.5,916.6666666666666,-5.406121299170581,0.0028498568066328543
0.5,920.0,-5.408898430404026,0.0032998729384668165
0.5,923.3333333333334,-5.4125312052338606,0.00386039796579547
0.5,926.6666666666666,-5.417035225034773,0.004486966644391527
0.5,930.0,-5.422395008952315,0.005133680749052909
0.5,933.3333333333334,-5.428564624924894,0.005758673223644267
0.5,936.6666666666666,-5.435469653456734,0.006325721605348831
0.5,940.0,-5.443010183817747,0.006804621574168688
0.5,943.3333333333334,-5.451064581041258,0.007171323230591672
0.5,946.6666666666666,-5.459493804979348,0.007408077791175023
0.5,950.0,-5.468146107461676,0.007503607526830919
0.5,953.3333333333334,-5.476861973320648,0.007453263342940656
0.5,956.6666666666666,-5.485479202318159,0.007259137590537475
0.5,960.0,-5.4938380513599965,0.006930113063762595
0.5,963.3333333333334,-5.5017863702999685,0.006481842230679595
0.5,966.6666666666666,-5.509184670761004,0.005936660429176647
0.5,970.0,-5.515911065047086,0.005323435546040272
0.5,973.3333333333334,-5.521865998516572,0.0046773151989327405
0.5,976.6666666666666,-5.526976666877881,0.004039155179744844
0.5,980.0,-5.531200946943507,0.003453857058664723
0.5,983.3333333333334,-5.534530557352625,0.002965594409845543
0.5,986.6666666666667,-5.536992992960203,0.002606864772780784
0.5,990.0,-5.5386515510953975,0.0023826712439768993
0.5,993.3333333333334,-5.539602151697815,0.0022645194304450724
0.5,996.6666666666667,-5.53996411603317,0.0022095110682435514
0.5,1000.0,-5.53986467011214,0.0021887434159312135
0.5,1003.3333333333334,-5.5394214940711235,0.00219975758022751
0.5,1006.6666666666667,-5.5387285112749804,0.0022643762734669394
0.5,1010.0,-5.537850452454192,0.0024240011800854494
0.5,1013.3333333333334,-5.536824870916353,0.002732764853225812
0.5,1016.6666666666667,-5.535668177601627,0.0032447800561706593
0.5,1020.0,-5.5343826691432305,0.004000857301304485
0.5,1023.3333333333334,-5.532962723788355,0.005024522747340512
0.5,1026.6666666666667,-5.531399367427626,0.006326463095943229
0.5,1030.0,-5.5296831444702255,0.007910125367406942
0.5,1033.3333333333333,-5.527805658664823,0.009775138893496066
0.5,1036.6666666666667,-5.525760262060462,0.01191892188216398
0.5,1040.0,-5.5235422762542825,0.014337406429770726
0.5,1043.3333333333333,-5.52114898382078,0.01702540950547348
0.5,1046.6666666666667,-5.518579515162869,0.019976864484070798
0.5,1050.0,-5.5158346907954225,0.02318499117732674
1.0,850.0,-5.326785746927639,0.027042853230483558
1.0,853.3333333333334,-5.323494945666819,0.023268301910361104
1.0,856.6666666666666,-5.3203808405113495,0.019765542032226916
1.0,860.0,-5.3174597815158124,0.01654471631115249
1.0,863.3333333333334,-5.3147476843837795,0.013616141131249976
1.0,866.6666666666666,-5.312259803984305,0.010990656193726488
1.0,870.0,-5.310010449735399,0.008680303079181759
1.0,873.3333333333334,-5.308012619030608,0.006699551859726124
1.0,876.6666666666666,-5.306277517195976,0.005067155429749127
1.0,880.0,-5.304813936789984,0.003807214877791409
1.0,883.3333333333334,-5.303627539332373,0.0029416767260317506
1.0,886.6666666666666,-5.302720392158309,0.0024573835355856093
1.0,890.0,-5.302091869096791,0.002263821672491475
1.0,893.3333333333334,-5.301742493949072,0.0022260835766703038
1.0,896.6666666666666,-5.301680753663245,0.0022543605289780974
1.0,900.0,-5.301930459325605,0.0023363079036466403
1.0,903.3333333333334,-5.302535674265387,0.0025084733359050236
1.0,906.6666666666666,-5.303561237021051,0.002808997538625367
1.0,910.0,-5.305088305762661,0.003246430515744702
1.0,913.3333333333334,-5.307205570635232,0.0037994979408095685
1.0,916.6666666666666,-5.309997985437309,0.004432788677344709
1.0,920.0,-5.313535333436174,0.005109049680469427
1.0,923.3333333333334,-5.317862550017304,0.005793974814761972
1.0,926.6666666666666,-5.322992945070258,0.006457021732407352
1.0,930.0,-5.3289047058134775,0.007071147076086921
1.0,933.3333333333334,-5.335540511223227,0.007612593045601927
1.0,936.6666666666666,-5.342809784045159,0.008060961502887301
1.0,940.0,-5.350592998827259,0.008399507556683772
1.0,943.3333333333334,-5.358747482105483,0.008615522295441685
1.0,946.6666666666666,-5.367114215304645,0.00870069203089606
1.0,950.0,-5.375525233020353,0.008651358792659177
1.0,953.3333333333334,-5.3838112716236575,0.008468644232530997
1.0,956.6666666666666,-5.391809354966304,0.008158432143454847
1.0,960.0,-5.399370005709268,0.007731234221530136
1.0,963.3333333333334,-5.40636375078894,0.007201990839651561
1.0,966.6666666666666,-5.412686563857557,0.006589882860707814
1.0,970.0,-5.418263879652006,0.00591824710225219
1.0,973.3333333333334,-5.42305285216817,0.005214683014673479
1.0,976.6666666666666,-5.427042630307166,0.004511370585365079
1.0,980.0,-5.430252592043144,0.00384536367984003
1.0,983.3333333333334,-5.432728686013661,0.0032578461954759588
1.0,986.6666666666667,-5.434538228867913,0.002789602069003
1.0,990.0,-5.435763616223471,0.0024686868511694503
1.0,993.3333333333334,-5.436495282742377,0.0022930266635202427
1.0,996.6666666666667,-5.436823850046704,0.002226950327007991
1.0,1000.0,-5.436831498819917,0.0022240630711916794
1.0,1003.3333333333334,-5.436584094576314,0.0022557392879527637
1.0,1006.6666666666667,-5.436127082239882,0.0023270591506082995
1.0,1010.0,-5.435487066332921,0.002483924999247279
1.0,1013.3333333333334,-5.434676817558976,0.002804663524538309
1.0,1016.6666666666667,-5.433701300334504,0.0033672193104849293
1.0,1020.0,-5.432563021261733,0.004216786795094564
1.0,1023.3333333333334,-5.431265666586331,0.005365365402703881
1.0,1026.6666666666667,-5.42981583780686,0.006809453493564939
1.0,1030.0,-5.428223245843972,0.008542367996190315
1.0,1033.3333333333333,-5.4265000480569165,0.01055827580214682
1.0,1036.6666666666667,-5.424659932449785,0.01285251904242617
1.0,1040.0,-5.42271727143279,0.015421030759270834
1.0,1043.3333333333333,-5.420686455482611,0.018259758368089667
1.0,1046.6666666666667,-5.41858141551308,0.021364279094048585
1.0,1050.0,-5.416415305763578,0.024729590847295275
